apt	3.0.3	amd64
base-files	13.8+deb13u7	amd64
base-passwd	3.6.7	amd64
bash	5.2.37-2+b10	amd64
binutils	2.44-3	amd64
binutils-aarch64-linux-gnu	2.44-3	amd64
binutils-common:amd64	2.44-3	amd64
binutils-x86-64-linux-gnu	2.44-3	amd64
bsdutils	1:2.41.5-0+deb13u1	amd64
build-essential	12.12	amd64
bzip2	1.0.8-6	amd64
coreutils	9.7-3	amd64
cpp	4:14.2.0-1	amd64
cpp-14	14.2.0-19	amd64
cpp-14-aarch64-linux-gnu	14.2.0-19cross1	amd64
cpp-14-x86-64-linux-gnu	14.2.0-19	amd64
cpp-aarch64-linux-gnu	4:14.2.0-1	amd64
cpp-x86-64-linux-gnu	4:14.2.0-1	amd64
cross-exe-wrapper:arm64	0.2.6	arm64
dash	0.5.12-12	amd64
debconf	1.5.91	all
debian-archive-keyring	2025.1	all
debianutils	5.23.2	amd64
diffutils	1:3.10-4	amd64
dpkg	1.22.22	amd64
dpkg-dev	1.22.22	all
findutils	4.10.0-3	amd64
g++	4:14.2.0-1	amd64
g++-14	14.2.0-19	amd64
g++-14-x86-64-linux-gnu	14.2.0-19	amd64
g++-x86-64-linux-gnu	4:14.2.0-1	amd64
gcc	4:14.2.0-1	amd64
gcc-14	14.2.0-19	amd64
gcc-14-aarch64-linux-gnu	14.2.0-19cross1	amd64
gcc-14-aarch64-linux-gnu-base:amd64	14.2.0-19cross1	amd64
gcc-14-base:amd64	14.2.0-19	amd64
gcc-14-base:arm64	14.2.0-19	arm64
gcc-14-cross-base	14.2.0-19cross1	all
gcc-14-x86-64-linux-gnu	14.2.0-19	amd64
gcc-aarch64-linux-gnu	4:14.2.0-1	amd64
gcc-x86-64-linux-gnu	4:14.2.0-1	amd64
gir1.2-glib-2.0:arm64	2.84.4-3~deb13u5	arm64
gir1.2-glib-2.0-dev:arm64	2.84.4-3~deb13u5	arm64
gir1.2-gudev-1.0:arm64	238-6	arm64
gir1.2-mbim-1.0:arm64	1.32.0-1	arm64
gir1.2-polkit-1.0:arm64	126-2	arm64
gir1.2-qmi-1.0:arm64	1.36.0-1	arm64
gir1.2-qrtr-1.0:arm64	1.2.2-1+b2	arm64
girepository-tools:amd64	2.84.4-3~deb13u5	amd64
girepository-tools:arm64	2.84.4-3~deb13u5	arm64
grep	3.11-4	amd64
gzip	1.13-1+deb13u1	amd64
hostname	3.25	amd64
init-system-helpers	1.69~deb13u1	all
libacl1:amd64	2.3.2-2+b1	amd64
libapt-pkg7.0:amd64	3.0.3	amd64
libasan8:amd64	14.2.0-19	amd64
libasan8-arm64-cross	14.2.0-19cross1	all
libatomic1:amd64	14.2.0-19	amd64
libatomic1:arm64	14.2.0-19	arm64
libatomic1-arm64-cross	14.2.0-19cross1	all
libattr1:amd64	1:2.5.2-3	amd64
libaudit-common	1:4.0.2-2+deb13u1	all
libaudit1:amd64	1:4.0.2-2+deb13u1	amd64
libbinutils:amd64	2.44-3	amd64
libblkid-dev:arm64	2.41.5-0+deb13u1	arm64
libblkid1:amd64	2.41.5-0+deb13u1	amd64
libblkid1:arm64	2.41.5-0+deb13u1	arm64
libbsd0:amd64	0.12.2-2	amd64
libbz2-1.0:amd64	1.0.8-6	amd64
libbz2-1.0:arm64	1.0.8-6	arm64
libc-bin	2.41-12+deb13u4	amd64
libc-dev-bin	2.41-12+deb13u4	amd64
libc6:amd64	2.41-12+deb13u4	amd64
libc6:arm64	2.41-12+deb13u4	arm64
libc6-arm64-cross	2.41-11cross1	all
libc6-dev:amd64	2.41-12+deb13u4	amd64
libc6-dev:arm64	2.41-12+deb13u4	arm64
libcap-dev:arm64	1:2.75-10+deb13u1+b3	arm64
libcap-ng0:amd64	0.8.5-4+b1	amd64
libcap2:amd64	1:2.75-10+deb13u1+b3	amd64
libcap2:arm64	1:2.75-10+deb13u1+b3	arm64
libcc1-0:amd64	14.2.0-19	amd64
libcrypt-dev:amd64	1:4.4.38-1	amd64
libcrypt-dev:arm64	1:4.4.38-1	arm64
libcrypt1:amd64	1:4.4.38-1	amd64
libcrypt1:arm64	1:4.4.38-1	arm64
libctf-nobfd0:amd64	2.44-3	amd64
libctf0:amd64	2.44-3	amd64
libdb5.3t64:amd64	5.3.28+dfsg2-9	amd64
libdb5.3t64:arm64	5.3.28+dfsg2-9	arm64
libdebconfclient0:amd64	0.280	amd64
libdpkg-perl	1.22.22	all
libelf1t64:amd64	0.192-4	amd64
libexpat1:amd64	2.8.3-1~deb13u1	amd64
libexpat1:arm64	2.8.3-1~deb13u1	arm64
libexpat1-dev:arm64	2.8.3-1~deb13u1	arm64
libffi-dev:arm64	3.4.8-2	arm64
libffi8:amd64	3.4.8-2	amd64
libffi8:arm64	3.4.8-2	arm64
libgcc-14-dev:amd64	14.2.0-19	amd64
libgcc-14-dev-arm64-cross	14.2.0-19cross1	all
libgcc-s1:amd64	14.2.0-19	amd64
libgcc-s1:arm64	14.2.0-19	arm64
libgcc-s1-arm64-cross	14.2.0-19cross1	all
libgdbm-compat4t64:amd64	1.24-2	amd64
libgdbm6t64:amd64	1.24-2	amd64
libgio-2.0-dev:arm64	2.84.4-3~deb13u5	arm64
libgio-2.0-dev-bin	2.84.4-3~deb13u5	amd64
libgirepository-2.0-0:amd64	2.84.4-3~deb13u5	amd64
libgirepository-2.0-0:arm64	2.84.4-3~deb13u5	arm64
libglib2.0-0t64:amd64	2.84.4-3~deb13u5	amd64
libglib2.0-0t64:arm64	2.84.4-3~deb13u5	arm64
libglib2.0-bin	2.84.4-3~deb13u5	amd64
libglib2.0-data	2.84.4-3~deb13u5	all
libglib2.0-dev:arm64	2.84.4-3~deb13u5	arm64
libglib2.0-dev-bin	2.84.4-3~deb13u5	amd64
libgmp10:amd64	2:6.3.0+dfsg-3	amd64
libgomp1:amd64	14.2.0-19	amd64
libgomp1-arm64-cross	14.2.0-19cross1	all
libgprofng0:amd64	2.44-3	amd64
libgudev-1.0-0:arm64	238-6	arm64
libgudev-1.0-dev:arm64	238-6	arm64
libhogweed6t64:amd64	3.10.1-1	amd64
libhwasan0:amd64	14.2.0-19	amd64
libhwasan0-arm64-cross	14.2.0-19cross1	all
libisl23:amd64	0.27-1	amd64
libitm1:amd64	14.2.0-19	amd64
libitm1-arm64-cross	14.2.0-19cross1	all
libjansson4:amd64	2.14-2+b3	amd64
liblastlog2-2:amd64	2.41.5-0+deb13u1	amd64
liblsan0:amd64	14.2.0-19	amd64
liblsan0-arm64-cross	14.2.0-19cross1	all
liblz4-1:amd64	1.10.0-4	amd64
liblzma-dev:arm64	5.8.1-1+deb13u2	arm64
liblzma5:amd64	5.8.1-1+deb13u2	amd64
liblzma5:arm64	5.8.1-1+deb13u2	arm64
libmbim-glib-dev:arm64	1.32.0-1	arm64
libmbim-glib4:amd64	1.32.0-1	amd64
libmbim-glib4:arm64	1.32.0-1	arm64
libmbim-proxy	1.32.0-1	amd64
libmd0:amd64	1.1.0-2+b1	amd64
libmount-dev:arm64	2.41.5-0+deb13u1	arm64
libmount1:amd64	2.41.5-0+deb13u1	amd64
libmount1:arm64	2.41.5-0+deb13u1	arm64
libmpc3:amd64	1.3.1-1+b3	amd64
libmpfr6:amd64	4.2.2-1	amd64
libncursesw6:amd64	6.5+20250216-2	amd64
libncursesw6:arm64	6.5+20250216-2	arm64
libnettle8t64:amd64	3.10.1-1	amd64
libpam-modules:amd64	1.7.0-5	amd64
libpam-modules-bin	1.7.0-5	amd64
libpam-runtime	1.7.0-5	all
libpam0g:amd64	1.7.0-5	amd64
libpcre2-16-0:arm64	10.46-1~deb13u3	arm64
libpcre2-32-0:arm64	10.46-1~deb13u3	arm64
libpcre2-8-0:amd64	10.46-1~deb13u3	amd64
libpcre2-8-0:arm64	10.46-1~deb13u3	arm64
libpcre2-dev:arm64	10.46-1~deb13u3	arm64
libpcre2-posix3:arm64	10.46-1~deb13u3	arm64
libperl5.40:amd64	5.40.1-6+deb13u1	amd64
libpkgconf3:amd64	1.8.1-4	amd64
libpolkit-agent-1-0:arm64	126-2	arm64
libpolkit-gobject-1-0:arm64	126-2	arm64
libpolkit-gobject-1-dev:arm64	126-2	arm64
libprotobuf-c-dev:arm64	1.5.1-1	arm64
libprotobuf-c1:arm64	1.5.1-1	arm64
libprotobuf32t64:amd64	3.21.12-11+deb13u1	amd64
libprotoc32t64:amd64	3.21.12-11+deb13u1	amd64
libpython3-stdlib:amd64	3.13.5-1	amd64
libpython3.13:arm64	3.13.5-2+deb13u5	arm64
libpython3.13-dev:arm64	3.13.5-2+deb13u5	arm64
libpython3.13-minimal:amd64	3.13.5-2+deb13u5	amd64
libpython3.13-minimal:arm64	3.13.5-2+deb13u5	arm64
libpython3.13-stdlib:amd64	3.13.5-2+deb13u5	amd64
libpython3.13-stdlib:arm64	3.13.5-2+deb13u5	arm64
libqmi-glib-dev:arm64	1.36.0-1	arm64
libqmi-glib5:amd64	1.36.0-1	amd64
libqmi-glib5:arm64	1.36.0-1	arm64
libqmi-proxy	1.36.0-1	amd64
libqrtr-dev:arm64	1.1-2+b1	arm64
libqrtr-glib-dev:arm64	1.2.2-1+b2	arm64
libqrtr-glib0:amd64	1.2.2-1+b2	amd64
libqrtr-glib0:arm64	1.2.2-1+b2	arm64
libqrtr1:arm64	1.1-2+b1	arm64
libquadmath0:amd64	14.2.0-19	amd64
libreadline8t64:amd64	8.2-6	amd64
libreadline8t64:arm64	8.2-6	arm64
libseccomp2:amd64	2.6.0-2	amd64
libselinux1:amd64	3.8.1-1	amd64
libselinux1:arm64	3.8.1-1	arm64
libselinux1-dev:arm64	3.8.1-1	arm64
libsemanage-common	3.8.1-1	all
libsemanage2:amd64	3.8.1-1	amd64
libsepol-dev:arm64	3.8.1-1	arm64
libsepol2:amd64	3.8.1-1	amd64
libsepol2:arm64	3.8.1-1	arm64
libsframe1:amd64	2.44-3	amd64
libsmartcols1:amd64	2.41.5-0+deb13u1	amd64
libsqlite3-0:amd64	3.46.1-7+deb13u2	amd64
libsqlite3-0:arm64	3.46.1-7+deb13u2	arm64
libssl3t64:amd64	3.5.7-1~deb13u3	amd64
libssl3t64:arm64	3.5.7-1~deb13u3	arm64
libstdc++-14-dev:amd64	14.2.0-19	amd64
libstdc++6:amd64	14.2.0-19	amd64
libstdc++6-arm64-cross	14.2.0-19cross1	all
libsysprof-capture-4-dev:arm64	48.0-2	arm64
libsystemd0:amd64	257.13-1~deb13u1	amd64
libsystemd0:arm64	257.13-1~deb13u1	arm64
libtinfo6:amd64	6.5+20250216-2	amd64
libtinfo6:arm64	6.5+20250216-2	arm64
libtsan2:amd64	14.2.0-19	amd64
libtsan2-arm64-cross	14.2.0-19cross1	all
libubsan1:amd64	14.2.0-19	amd64
libubsan1-arm64-cross	14.2.0-19cross1	all
libudev-dev:arm64	257.13-1~deb13u1	arm64
libudev1:amd64	257.13-1~deb13u1	amd64
libudev1:arm64	257.13-1~deb13u1	arm64
libuuid1:amd64	2.41.5-0+deb13u1	amd64
libuuid1:arm64	2.41.5-0+deb13u1	arm64
libxml2:amd64	2.12.7+dfsg+really2.9.14-2.1+deb13u3	amd64
libxml2-utils	2.12.7+dfsg+really2.9.14-2.1+deb13u3	amd64
libxxhash0:amd64	0.8.3-2	amd64
libzstd1:amd64	1.5.7+dfsg-1	amd64
libzstd1:arm64	1.5.7+dfsg-1	arm64
linux-libc-dev	6.12.111-1	all
login	1:4.16.0-2+really2.41.5-0+deb13u1	amd64
login.defs	1:4.17.4-2	all
make	4.4.1-2	amd64
mawk	1.3.4.20250131-1	amd64
media-types	13.0.0	all
meson	1.7.0-1	all
mount	2.41.5-0+deb13u1	amd64
native-architecture	0.2.6	all
ncurses-base	6.5+20250216-2	all
ncurses-bin	6.5+20250216-2	amd64
netbase	6.5	all
ninja-build	1.12.1-1	amd64
openssl-provider-legacy	3.5.7-1~deb13u3	amd64
passwd	1:4.17.4-2	amd64
patch	2.8-2	amd64
perl	5.40.1-6+deb13u1	amd64
perl-base	5.40.1-6+deb13u1	amd64
perl-modules-5.40	5.40.1-6+deb13u1	all
pkgconf:amd64	1.8.1-4	amd64
pkgconf:arm64	1.8.1-4	arm64
pkgconf-bin	1.8.1-4	amd64
protobuf-c-compiler	1.5.1-1	amd64
protobuf-compiler	3.21.12-11+deb13u1	amd64
python3	3.13.5-1	amd64
python3-autocommand	2.2.2-3	all
python3-inflect	7.3.1-2	all
python3-jaraco.context	6.0.1-1+deb13u1	all
python3-jaraco.functools	4.1.0-1	all
python3-jaraco.text	4.0.0-1	all
python3-minimal	3.13.5-1	amd64
python3-more-itertools	10.7.0-1	all
python3-packaging	25.0-1	all
python3-pkg-resources	78.1.1-0.1	all
python3-setuptools	78.1.1-0.1	all
python3-typeguard	4.4.2-1	all
python3-typing-extensions	4.13.2-1	all
python3-zipp	3.21.0-1	all
python3.13	3.13.5-2+deb13u5	amd64
python3.13-minimal	3.13.5-2+deb13u5	amd64
qemu-user	1:10.0.13+ds-0+deb13u1	amd64
readline-common	8.2-6	all
rpcsvc-proto	1.4.3-1	amd64
sed	4.9-2+deb13u1	amd64
sqv	1.3.0-3+b2	amd64
systemd-dev	257.13-1~deb13u1	all
sysvinit-utils	3.14-4	amd64
tar	1.35+dfsg-3.1	amd64
tzdata	2026c-0+deb13u1	all
util-linux	2.41.5-0+deb13u1	amd64
uuid-dev:arm64	2.41.5-0+deb13u1	arm64
xz-utils	5.8.1-1+deb13u2	amd64
zlib1g:amd64	1:1.3.dfsg+really1.3.1-1+b1	amd64
zlib1g:arm64	1:1.3.dfsg+really1.3.1-1+b1	arm64
zlib1g-dev:arm64	1:1.3.dfsg+really1.3.1-1+b1	arm64
